Nastav jas na 0 %, 0
Nastav jas na 1 %, 1
Nastav jas na 2 %, 2
Nastav jas na 3 %, 3
Nastav jas na 4 %, 4
Nastav jas na 5 %, 5
Nastav jas na 6 %, 6
Nastav jas na 7 %, 7
Nastav jas na 8 %, 8
Nastav jas na 9 %, 9
Nastav jas na 10 %, 10
Nastav jas na 11 %, 11
Nastav jas na 12 %, 12
Nastav jas na 13 %, 13
Nastav jas na 14 %, 14
Nastav jas na 15 %, 15
Nastav jas na 16 %, 16
Nastav jas na 17 %, 17
Nastav jas na 18 %, 18
Nastav jas na 19 %, 19
Nastav jas na 20 %, 20
Nastav jas na 21 %, 21
Nastav jas na 22 %, 22
Nastav jas na 23 %, 23
Nastav jas na 24 %, 24
Nastav jas na 25 %, 25
Nastav jas na 26 %, 26
Nastav jas na 27 %, 27
Nastav jas na 28 %, 28
Nastav jas na 29 %, 29
Nastav jas na 30 %, 30
Nastav jas na 31 %, 31
Nastav jas na 32 %, 32
Nastav jas na 33 %, 33
Nastav jas na 34 %, 34
Nastav jas na 35 %, 35
Nastav jas na 36 %, 36
Nastav jas na 37 %, 37
Nastav jas na 38 %, 38
Nastav jas na 39 %, 39
Nastav jas na 40 %, 40
Nastav jas na 41 %, 41
Nastav jas na 42 %, 42
Nastav jas na 43 %, 43
Nastav jas na 44 %, 44
Nastav jas na 45 %, 45
Nastav jas na 46 %, 46
Nastav jas na 47 %, 47
Nastav jas na 48 %, 48
Nastav jas na 49 %, 49
Nastav jas na 50 %, 50
Nastav jas na 51 %, 51
Nastav jas na 52 %, 52
Nastav jas na 53 %, 53
Nastav jas na 54 %, 54
Nastav jas na 55 %, 55
Nastav jas na 56 %, 56
Nastav jas na 57 %, 57
Nastav jas na 58 %, 58
Nastav jas na 59 %, 59
Nastav jas na 60 %, 60
Nastav jas na 61 %, 61
Nastav jas na 62 %, 62
Nastav jas na 63 %, 63
Nastav jas na 64 %, 64
Nastav jas na 65 %, 65
Nastav jas na 66 %, 66
Nastav jas na 67 %, 67
Nastav jas na 68 %, 68
Nastav jas na 69 %, 69
Nastav jas na 70 %, 70
Nastav jas na 71 %, 71
Nastav jas na 72 %, 72
Nastav jas na 73 %, 73
Nastav jas na 74 %, 74
Nastav jas na 75 %, 75
Nastav jas na 76 %, 76
Nastav jas na 77 %, 77
Nastav jas na 78 %, 78
Nastav jas na 79 %, 79
Nastav jas na 80 %, 80
Nastav jas na 81 %, 81
Nastav jas na 82 %, 82
Nastav jas na 83 %, 83
Nastav jas na 84 %, 84
Nastav jas na 85 %, 85
Nastav jas na 86 %, 86
Nastav jas na 87 %, 87
Nastav jas na 88 %, 88
Nastav jas na 89 %, 89
Nastav jas na 90 %, 90
Nastav jas na 91 %, 91
Nastav jas na 92 %, 92
Nastav jas na 93 %, 93
Nastav jas na 94 %, 94
Nastav jas na 95 %, 95
Nastav jas na 96 %, 96
Nastav jas na 97 %, 97
Nastav jas na 98 %, 98
Nastav jas na 99 %, 99
Nastav jas na 100 %, 100
Uprav jas na 0 %, 0
Uprav jas na 1 %, 1
Uprav jas na 2 %, 2
Uprav jas na 3 %, 3
Uprav jas na 4 %, 4
Uprav jas na 5 %, 5
Uprav jas na 6 %, 6
Uprav jas na 7 %, 7
Uprav jas na 8 %, 8
Uprav jas na 9 %, 9
Uprav jas na 10 %, 10
Uprav jas na 11 %, 11
Uprav jas na 12 %, 12
Uprav jas na 13 %, 13
Uprav jas na 14 %, 14
Uprav jas na 15 %, 15
Uprav jas na 16 %, 16
Uprav jas na 17 %, 17
Uprav jas na 18 %, 18
Uprav jas na 19 %, 19
Uprav jas na 20 %, 20
Uprav jas na 21 %, 21
Uprav jas na 22 %, 22
Uprav jas na 23 %, 23
Uprav jas na 24 %, 24
Uprav jas na 25 %, 25
Uprav jas na 26 %, 26
Uprav jas na 27 %, 27
Uprav jas na 28 %, 28
Uprav jas na 29 %, 29
Uprav jas na 30 %, 30
Uprav jas na 31 %, 31
Uprav jas na 32 %, 32
Uprav jas na 33 %, 33
Uprav jas na 34 %, 34
Uprav jas na 35 %, 35
Uprav jas na 36 %, 36
Uprav jas na 37 %, 37
Uprav jas na 38 %, 38
Uprav jas na 39 %, 39
Uprav jas na 40 %, 40
Uprav jas na 41 %, 41
Uprav jas na 42 %, 42
Uprav jas na 43 %, 43
Uprav jas na 44 %, 44
Uprav jas na 45 %, 45
Uprav jas na 46 %, 46
Uprav jas na 47 %, 47
Uprav jas na 48 %, 48
Uprav jas na 49 %, 49
Uprav jas na 50 %, 50
Uprav jas na 51 %, 51
Uprav jas na 52 %, 52
Uprav jas na 53 %, 53
Uprav jas na 54 %, 54
Uprav jas na 55 %, 55
Uprav jas na 56 %, 56
Uprav jas na 57 %, 57
Uprav jas na 58 %, 58
Uprav jas na 59 %, 59
Uprav jas na 60 %, 60
Uprav jas na 61 %, 61
Uprav jas na 62 %, 62
Uprav jas na 63 %, 63
Uprav jas na 64 %, 64
Uprav jas na 65 %, 65
Uprav jas na 66 %, 66
Uprav jas na 67 %, 67
Uprav jas na 68 %, 68
Uprav jas na 69 %, 69
Uprav jas na 70 %, 70
Uprav jas na 71 %, 71
Uprav jas na 72 %, 72
Uprav jas na 73 %, 73
Uprav jas na 74 %, 74
Uprav jas na 75 %, 75
Uprav jas na 76 %, 76
Uprav jas na 77 %, 77
Uprav jas na 78 %, 78
Uprav jas na 79 %, 79
Uprav jas na 80 %, 80
Uprav jas na 81 %, 81
Uprav jas na 82 %, 82
Uprav jas na 83 %, 83
Uprav jas na 84 %, 84
Uprav jas na 85 %, 85
Uprav jas na 86 %, 86
Uprav jas na 87 %, 87
Uprav jas na 88 %, 88
Uprav jas na 89 %, 89
Uprav jas na 90 %, 90
Uprav jas na 91 %, 91
Uprav jas na 92 %, 92
Uprav jas na 93 %, 93
Uprav jas na 94 %, 94
Uprav jas na 95 %, 95
Uprav jas na 96 %, 96
Uprav jas na 97 %, 97
Uprav jas na 98 %, 98
Uprav jas na 99 %, 99
Uprav jas na 100 %, 100
Sniž jas na 0 %, 0
Sniž jas na 1 %, 1
Sniž jas na 2 %, 2
Sniž jas na 3 %, 3
Sniž jas na 4 %, 4
Sniž jas na 5 %, 5
Sniž jas na 6 %, 6
Sniž jas na 7 %, 7
Sniž jas na 8 %, 8
Sniž jas na 9 %, 9
Sniž jas na 10 %, 10
Sniž jas na 11 %, 11
Sniž jas na 12 %, 12
Sniž jas na 13 %, 13
Sniž jas na 14 %, 14
Sniž jas na 15 %, 15
Sniž jas na 16 %, 16
Sniž jas na 17 %, 17
Sniž jas na 18 %, 18
Sniž jas na 19 %, 19
Sniž jas na 20 %, 20
Sniž jas na 21 %, 21
Sniž jas na 22 %, 22
Sniž jas na 23 %, 23
Sniž jas na 24 %, 24
Sniž jas na 25 %, 25
Sniž jas na 26 %, 26
Sniž jas na 27 %, 27
Sniž jas na 28 %, 28
Sniž jas na 29 %, 29
Sniž jas na 30 %, 30
Sniž jas na 31 %, 31
Sniž jas na 32 %, 32
Sniž jas na 33 %, 33
Sniž jas na 34 %, 34
Sniž jas na 35 %, 35
Sniž jas na 36 %, 36
Sniž jas na 37 %, 37
Sniž jas na 38 %, 38
Sniž jas na 39 %, 39
Sniž jas na 40 %, 40
Sniž jas na 41 %, 41
Sniž jas na 42 %, 42
Sniž jas na 43 %, 43
Sniž jas na 44 %, 44
Sniž jas na 45 %, 45
Sniž jas na 46 %, 46
Sniž jas na 47 %, 47
Sniž jas na 48 %, 48
Sniž jas na 49 %, 49
Sniž jas na 50 %, 50
Sniž jas na 51 %, 51
Sniž jas na 52 %, 52
Sniž jas na 53 %, 53
Sniž jas na 54 %, 54
Sniž jas na 55 %, 55
Sniž jas na 56 %, 56
Sniž jas na 57 %, 57
Sniž jas na 58 %, 58
Sniž jas na 59 %, 59
Sniž jas na 60 %, 60
Sniž jas na 61 %, 61
Sniž jas na 62 %, 62
Sniž jas na 63 %, 63
Sniž jas na 64 %, 64
Sniž jas na 65 %, 65
Sniž jas na 66 %, 66
Sniž jas na 67 %, 67
Sniž jas na 68 %, 68
Sniž jas na 69 %, 69
Sniž jas na 70 %, 70
Sniž jas na 71 %, 71
Sniž jas na 72 %, 72
Sniž jas na 73 %, 73
Sniž jas na 74 %, 74
Sniž jas na 75 %, 75
Sniž jas na 76 %, 76
Sniž jas na 77 %, 77
Sniž jas na 78 %, 78
Sniž jas na 79 %, 79
Sniž jas na 80 %, 80
Sniž jas na 81 %, 81
Sniž jas na 82 %, 82
Sniž jas na 83 %, 83
Sniž jas na 84 %, 84
Sniž jas na 85 %, 85
Sniž jas na 86 %, 86
Sniž jas na 87 %, 87
Sniž jas na 88 %, 88
Sniž jas na 89 %, 89
Sniž jas na 90 %, 90
Sniž jas na 91 %, 91
Sniž jas na 92 %, 92
Sniž jas na 93 %, 93
Sniž jas na 94 %, 94
Sniž jas na 95 %, 95
Sniž jas na 96 %, 96
Sniž jas na 97 %, 97
Sniž jas na 98 %, 98
Sniž jas na 99 %, 99
Sniž jas na 100 %, 100
Zvyš jas na 0 %, 0
Zvyš jas na 1 %, 1
Zvyš jas na 2 %, 2
Zvyš jas na 3 %, 3
Zvyš jas na 4 %, 4
Zvyš jas na 5 %, 5
Zvyš jas na 6 %, 6
Zvyš jas na 7 %, 7
Zvyš jas na 8 %, 8
Zvyš jas na 9 %, 9
Zvyš jas na 10 %, 10
Zvyš jas na 11 %, 11
Zvyš jas na 12 %, 12
Zvyš jas na 13 %, 13
Zvyš jas na 14 %, 14
Zvyš jas na 15 %, 15
Zvyš jas na 16 %, 16
Zvyš jas na 17 %, 17
Zvyš jas na 18 %, 18
Zvyš jas na 19 %, 19
Zvyš jas na 20 %, 20
Zvyš jas na 21 %, 21
Zvyš jas na 22 %, 22
Zvyš jas na 23 %, 23
Zvyš jas na 24 %, 24
Zvyš jas na 25 %, 25
Zvyš jas na 26 %, 26
Zvyš jas na 27 %, 27
Zvyš jas na 28 %, 28
Zvyš jas na 29 %, 29
Zvyš jas na 30 %, 30
Zvyš jas na 31 %, 31
Zvyš jas na 32 %, 32
Zvyš jas na 33 %, 33
Zvyš jas na 34 %, 34
Zvyš jas na 35 %, 35
Zvyš jas na 36 %, 36
Zvyš jas na 37 %, 37
Zvyš jas na 38 %, 38
Zvyš jas na 39 %, 39
Zvyš jas na 40 %, 40
Zvyš jas na 41 %, 41
Zvyš jas na 42 %, 42
Zvyš jas na 43 %, 43
Zvyš jas na 44 %, 44
Zvyš jas na 45 %, 45
Zvyš jas na 46 %, 46
Zvyš jas na 47 %, 47
Zvyš jas na 48 %, 48
Zvyš jas na 49 %, 49
Zvyš jas na 50 %, 50
Zvyš jas na 51 %, 51
Zvyš jas na 52 %, 52
Zvyš jas na 53 %, 53
Zvyš jas na 54 %, 54
Zvyš jas na 55 %, 55
Zvyš jas na 56 %, 56
Zvyš jas na 57 %, 57
Zvyš jas na 58 %, 58
Zvyš jas na 59 %, 59
Zvyš jas na 60 %, 60
Zvyš jas na 61 %, 61
Zvyš jas na 62 %, 62
Zvyš jas na 63 %, 63
Zvyš jas na 64 %, 64
Zvyš jas na 65 %, 65
Zvyš jas na 66 %, 66
Zvyš jas na 67 %, 67
Zvyš jas na 68 %, 68
Zvyš jas na 69 %, 69
Zvyš jas na 70 %, 70
Zvyš jas na 71 %, 71
Zvyš jas na 72 %, 72
Zvyš jas na 73 %, 73
Zvyš jas na 74 %, 74
Zvyš jas na 75 %, 75
Zvyš jas na 76 %, 76
Zvyš jas na 77 %, 77
Zvyš jas na 78 %, 78
Zvyš jas na 79 %, 79
Zvyš jas na 80 %, 80
Zvyš jas na 81 %, 81
Zvyš jas na 82 %, 82
Zvyš jas na 83 %, 83
Zvyš jas na 84 %, 84
Zvyš jas na 85 %, 85
Zvyš jas na 86 %, 86
Zvyš jas na 87 %, 87
Zvyš jas na 88 %, 88
Zvyš jas na 89 %, 89
Zvyš jas na 90 %, 90
Zvyš jas na 91 %, 91
Zvyš jas na 92 %, 92
Zvyš jas na 93 %, 93
Zvyš jas na 94 %, 94
Zvyš jas na 95 %, 95
Zvyš jas na 96 %, 96
Zvyš jas na 97 %, 97
Zvyš jas na 98 %, 98
Zvyš jas na 99 %, 99
Zvyš jas na 100 %, 100